  345.83, 1132.53
  346.05, 1132.53
  346.27, 1132.53
  346.49, 1075.18
  346.71, 1097.71
  346.93, 1218.54
  347.15, 1202.16
  347.36, 1275.88
  347.58, 1282.03
  347.80, 1314.80
  348.02, 1243.12
  348.24, 1257.45
  348.46, 1183.73
  348.67, 1234.93
  348.89, 1241.07
  349.11, 1302.51
  349.33, 1167.34
  349.55, 1239.02
  349.77, 1329.13
  349.99, 1366.00
  350.20, 1347.56
  350.42, 1316.84
  350.64, 1347.56
  350.86, 1361.90
  351.08, 1402.86
  351.30, 1316.84
  351.51, 1452.01
  351.73, 1409.00
  351.95, 1314.80
  352.17, 1378.28
  352.39, 1386.47
  352.60, 1388.52
  352.82, 1378.28
  353.04, 1292.27
  353.26, 1333.23
  353.48, 1472.49
  353.70, 1370.09
  353.91, 1294.32
  354.13, 1357.80
  354.35, 1320.94
  354.57, 1388.52
  354.79, 1363.95
  355.00, 1425.39
  355.22, 1406.95
  355.44, 1429.48
  355.66, 1398.76
  355.88, 1298.41
  356.09, 1423.34
  356.31, 1406.95
  356.53, 1363.95
  356.75, 1427.43
  356.97, 1361.90
  357.18, 1394.67
  357.40, 1327.08
  357.62, 1443.82
  357.84, 1411.05
  358.06, 1429.48
  358.27, 1361.90
  358.49, 1425.39
  358.71, 1374.19
  358.93, 1368.04
  359.15, 1370.09
  359.36, 1382.38
  359.58, 1361.90
  359.80, 1421.29
  360.02, 1478.63
  360.23, 1347.56
  360.45, 1454.06
  360.67, 1427.43
  360.89, 1355.76
  361.11, 1372.14
  361.32, 1482.73
  361.54, 1497.07
  361.76, 1495.02
  361.98, 1499.11
  362.19, 1388.52
  362.41, 1466.35
  362.63, 1322.99
  362.85, 1441.77
  363.06, 1572.84
  363.28, 1462.25
  363.50, 1572.84
  363.72, 1546.22
  363.93, 1601.51
  364.15, 1740.77
  364.37, 1980.39
  364.59, 2824.15
  364.80, 5455.79
  365.02, 9308.02
  365.24, 9518.96
  365.46, 6754.20
  365.67, 4599.74
  365.89, 3049.43
  366.11, 2824.15
  366.33, 3373.00
  366.54, 3250.13
  366.76, 2318.30
  366.98, 1726.44
  367.20, 1499.11
  367.41, 1460.20
  367.63, 1447.91
  367.85, 1546.22
  368.07, 1417.19
  368.28, 1368.04
  368.50, 1470.44
  368.72, 1552.36
  368.94, 1542.12
  369.15, 1409.00
  369.37, 1370.09
  369.59, 1419.24
  369.80, 1476.59
  370.02, 1415.15
  370.24, 1353.71
  370.46, 1411.05
  370.67, 1474.54
  370.89, 1540.07
  371.11, 1533.93
  371.32, 1329.13
  371.54, 1544.17
  371.76, 1386.47
  371.98, 1378.28
  372.19, 1509.35
  372.41, 1486.83
  372.63, 1449.96
  372.84, 1437.67
  373.06, 1288.17
  373.28, 1511.40
  373.50, 1425.39
  373.71, 1505.26
  373.93, 1339.37
  374.15, 1572.84
  374.36, 1374.19
  374.58, 1443.82
  374.80, 1363.95
  375.01, 1474.54
  375.23, 1404.91
  375.45, 1431.53
  375.66, 1347.56
  375.88, 1460.20
  376.10, 1511.40
  376.31, 1529.83
  376.53, 1454.06
  376.75, 1488.87
  376.97, 1529.83
  377.18, 1427.43
  377.40, 1560.55
  377.62, 1417.19
  377.83, 1386.47
  378.05, 1482.73
  378.27, 1507.31
  378.48, 1501.16
  378.70, 1556.46
  378.92, 1513.45
  379.13, 1511.40
  379.35, 1576.94
  379.57, 1630.18
  379.78, 1681.38
  380.00, 1589.22
  380.22, 1581.03
  380.43, 1562.60
  380.65, 1677.29
  380.87, 1525.74
  381.08, 1603.56
  381.30, 1681.38
  381.52, 1464.30
  381.73, 1568.74
  381.95, 1515.50
  382.16, 1447.91
  382.38, 1509.35
  382.60, 1535.98
  382.81, 1572.84
  383.03, 1517.54
  383.25, 1529.83
  383.46, 1486.83
  383.68, 1515.50
  383.90, 1519.59
  384.11, 1478.63
  384.33, 1484.78
  384.55, 1449.96
  384.76, 1570.79
  384.98, 1478.63
  385.19, 1398.76
  385.41, 1484.78
  385.63, 1548.26
  385.84, 1439.72
  386.06, 1306.60
  386.28, 1476.59
  386.49, 1490.92
  386.71, 1519.59
  386.92, 1490.92
  387.14, 1482.73
  387.36, 1374.19
  387.57, 1443.82
  387.79, 1470.44
  388.01, 1394.67
  388.22, 1464.30
  388.44, 1445.87
  388.65, 1425.39
  388.87, 1521.64
  389.09, 1464.30
  389.30, 1554.41
  389.52, 1454.06
  389.73, 1398.76
  389.95, 1509.35
  390.17, 1568.74
  390.38, 1538.02
  390.60, 1492.97
  390.81, 1497.07
  391.03, 1441.77
  391.25, 1499.11
  391.46, 1441.77
  391.68, 1509.35
  391.89, 1417.19
  392.11, 1402.86
  392.33, 1370.09
  392.54, 1353.71
  392.76, 1419.24
  392.97, 1576.94
  393.19, 1406.95
  393.40, 1439.72
  393.62, 1464.30
  393.84, 1499.11
  394.05, 1472.49
  394.27, 1415.15
  394.48, 1507.31
  394.70, 1390.57
  394.91, 1462.25
  395.13, 1368.04
  395.35, 1396.71
  395.56, 1388.52
  395.78, 1433.58
  395.99, 1474.54
  396.21, 1454.06
  396.42, 1486.83
  396.64, 1454.06
  396.86, 1482.73
  397.07, 1468.39
  397.29, 1429.48
  397.50, 1443.82
  397.72, 1497.07
  397.93, 1396.71
  398.15, 1460.20
  398.36, 1437.67
  398.58, 1441.77
  398.80, 1527.78
  399.01, 1521.64
  399.23, 1486.83
  399.44, 1562.60
  399.66, 1701.86
  399.87, 1607.66
  400.09, 1589.22
  400.30, 1574.89
  400.52, 1589.22
  400.73, 1548.26
  400.95, 1638.38
  401.17, 1535.98
  401.38, 1583.08
  401.60, 1636.33
  401.81, 1628.14
  402.03, 1634.28
  402.24, 1626.09
  402.46, 1746.92
  402.67, 1732.58
  402.89, 1939.43
  403.10, 1943.52
  403.32, 1949.67
  403.53, 2086.88
  403.75, 2428.89
  403.96, 4302.78
  404.18,17798.90
  404.39,56949.92
  404.61,47004.98
  404.82,34659.82
  405.04,18994.91
  405.25, 7370.64
  405.47, 3575.75
  405.68, 2389.98
  405.90, 2066.40
  406.11, 2115.55
  406.33, 1992.67
  406.54, 1873.89
  406.76, 1937.38
  406.97, 1906.66
  407.19, 2318.30
  407.40, 5318.57
  407.62, 7214.99
  407.83, 5375.92
  408.05, 4347.84
  408.26, 2805.72
  408.48, 2162.66
  408.69, 1925.09
  408.91, 2011.11
  409.12, 1869.80
  409.34, 2043.87
  409.55, 1906.66
  409.77, 1920.99
  409.98, 1798.12
  410.20, 1761.25
  410.41, 1978.34
  410.63, 1964.00
  410.84, 1990.63
  411.06, 1957.86
  411.27, 2066.40
  411.49, 2097.12
  411.70, 2117.60
  411.92, 2250.72
  412.13, 2144.22
  412.35, 2093.02
  412.56, 2050.02
  412.77, 2172.89
  412.99, 2209.76
  413.20, 2160.61
  413.42, 2187.23
  413.63, 2228.19
  413.85, 2258.91
  414.06, 2193.37
  414.28, 2232.29
  414.49, 2244.57
  414.71, 2271.20
  414.92, 2422.75
  415.13, 2344.92
  415.35, 2312.16
  415.56, 2361.31
  415.78, 2371.55
  415.99, 2410.46
  416.21, 2312.16
  416.42, 2394.08
  416.64, 2562.01
  416.85, 2475.99
  417.06, 2486.23
  417.28, 2475.99
  417.49, 2512.86
  417.71, 2564.06
  417.92, 2574.30
  418.14, 2535.39
  418.35, 2588.63
  418.56, 2686.93
  418.78, 2656.22
  418.99, 2666.46
  419.21, 2654.17
  419.42, 2727.89
  419.64, 2799.57
  419.85, 2639.83
  420.06, 2731.99
  420.28, 2820.05
  420.49, 2803.67
  420.71, 2840.53
  420.92, 2899.92
  421.14, 2766.81
  421.35, 2789.33
  421.56, 2918.36
  421.78, 2981.84
  421.99, 2953.17
  422.21, 3018.71
  422.42, 2920.40
  422.63, 3000.27
  422.85, 2973.65
  423.06, 3153.87
  423.28, 3205.07
  423.49, 3051.47
  423.70, 3203.02
  423.92, 3008.47
  424.13, 3200.98
  424.35, 3221.45
  424.56, 3344.33
  424.77, 3254.22
  424.99, 3225.55
  425.20, 3389.39
  425.41, 3340.24
  425.63, 3422.16
  425.84, 3518.41
  426.06, 3528.65
  426.27, 3426.25
  426.48, 3604.43
  426.70, 3631.05
  426.91, 3436.49
  427.13, 3639.24
  427.34, 3680.20
  427.55, 3739.59
  427.77, 3592.14
  427.98, 3805.13
  428.19, 3762.12
  428.41, 3860.42
  428.62, 3727.30
  428.83, 3827.65
  429.05, 3954.63
  429.26, 3907.52
  429.48, 4138.94
  429.69, 4016.07
  429.90, 4177.86
  430.12, 4163.52
  430.33, 4327.36
  430.54, 4546.49
  430.76, 4782.01
  430.97, 4550.59
  431.18, 4585.40
  431.40, 4650.94
  431.61, 4532.15
  431.82, 4423.61
  432.04, 4523.96
  432.25, 4695.99
  432.46, 4589.50
  432.68, 4620.22
  432.89, 4704.18
  433.10, 4984.76
  433.32, 5093.30
  433.53, 5683.11
  433.74, 5568.43
  433.96, 5719.98
  434.17, 6367.13
  434.38, 7786.38
  434.60, 7792.52
  434.81, 8564.61
  435.02,13047.61
  435.24,50554.11
  435.45,65535.00
  435.66,65535.00
  435.88,65535.00
  436.09,65535.00
  436.30,65535.00
  436.52,65535.00
  436.73,65535.00
  436.94,40725.91
  437.16,30004.79
  437.37, 6285.22
  437.58, 6059.94
  437.80, 6057.89
  438.01, 6033.32
  438.22, 5722.02
  438.43, 5752.74
  438.65, 5734.31
  438.86, 5783.46
  439.07, 5582.76
  439.29, 5765.03
  439.50, 5730.22
  439.71, 5758.89
  439.93, 5494.70
  440.14, 5705.64
  440.35, 5857.19
  440.56, 5765.03
  440.78, 5609.39
  440.99, 5744.55
  441.20, 5621.67
  441.42, 5920.68
  441.63, 5744.55
  441.84, 5627.82
  442.05, 5838.76
  442.27, 5754.79
  442.48, 5797.80
  442.69, 5926.82
  442.91, 5830.57
  443.12, 5926.82
  443.33, 5771.18
  443.54, 5838.76
  443.76, 5842.85
  443.97, 5754.79
  444.18, 5748.65
  444.39, 5715.88
  444.61, 6006.69
  444.82, 5902.25
  445.03, 5865.38
  445.24, 5685.16
  445.46, 5797.80
  445.67, 5875.62
  445.88, 5994.40
  446.09, 5820.33
  446.31, 5822.38
  446.52, 5844.90
  446.73, 5910.44
  446.94, 5803.94
  447.16, 6078.37
  447.37, 6029.22
  447.58, 6086.56
  447.79, 5892.01
  448.01, 5789.61
  448.22, 5781.42
  448.43, 6012.84
  448.64, 5932.97
  448.86, 5873.57
  449.07, 5867.43
  449.28, 5941.16
  449.49, 5887.91
  449.71, 6072.23
  449.92, 5998.50
  450.13, 5957.54
  450.34, 5818.28
  450.55, 5842.85
  450.77, 5871.53
  450.98, 5826.47
  451.19, 5679.02
  451.40, 5744.55
  451.62, 5883.81
  451.83, 5924.77
  452.04, 5803.94
  452.25, 5818.28
  452.46, 5869.48
  452.68, 5971.88
  452.89, 6129.57
  453.10, 6113.19
  453.31, 5996.45
  453.53, 6064.04
  453.74, 5851.05
  453.95, 5904.29
  454.16, 5937.06
  454.37, 5922.73
  454.59, 6115.23
  454.80, 5902.25
  455.01, 5844.90
  455.22, 5869.48
  455.43, 5920.68
  455.65, 5812.14
  455.86, 5773.22
  456.07, 5914.53
  456.28, 5881.77
  456.49, 5664.68
  456.70, 6041.51
  456.92, 5814.18
  457.13, 6033.32
  457.34, 5842.85
  457.55, 5814.18
  457.76, 5869.48
  457.98, 5951.40
  458.19, 5871.53
  458.40, 5910.44
  458.61, 6064.04
  458.82, 5738.41
  459.03, 5863.33
  459.25, 6053.80
  459.46, 5722.02
  459.67, 5756.84
  459.88, 5926.82
  460.09, 5789.61
  460.30, 5879.72
  460.52, 5799.85
  460.73, 5975.97
  460.94, 5719.98
  461.15, 5754.79
  461.36, 5722.02
  461.57, 5732.26
  461.79, 5820.33
  462.00, 5732.26
  462.21, 5691.31
  462.42, 5930.92
  462.63, 5939.11
  462.84, 5670.83
  463.05, 5871.53
  463.27, 5660.59
  463.48, 5754.79
  463.69, 5975.97
  463.90, 5840.81
  464.11, 5932.97
  464.32, 5711.78
  464.53, 5805.99
  464.75, 5746.60
  464.96, 5738.41
  465.17, 5844.90
  465.38, 5699.50
  465.59, 5873.57
  465.80, 5762.98
  466.01, 5871.53
  466.22, 5822.38
  466.44, 5937.06
  466.65, 5947.30
  466.86, 6006.69
  467.07, 5699.50
  467.28, 5744.55
  467.49, 5777.32
  467.70, 5832.61
  467.91, 5879.72
  468.12, 5867.43
  468.34, 5625.77
  468.55, 5838.76
  468.76, 5810.09
  468.97, 5785.51
  469.18, 5627.82
  469.39, 5676.97
  469.60, 5621.67
  469.81, 5679.02
  470.02, 5674.92
  470.24, 5750.70
  470.45, 5640.11
  470.66, 5644.20
  470.87, 5769.13
  471.08, 5603.24
  471.29, 5574.57
  471.50, 5814.18
  471.71, 5799.85
  471.92, 5607.34
  472.13, 5722.02
  472.34, 5744.55
  472.56, 5722.02
  472.77, 5765.03
  472.98, 5644.20
  473.19, 5593.00
  473.40, 5650.35
  473.61, 5603.24
  473.82, 5736.36
  474.03, 5676.97
  474.24, 5545.90
  474.45, 5627.82
  474.66, 5715.88
  474.87, 5783.46
  475.08, 5681.07
  475.29, 5498.80
  475.51, 6172.58
  475.72, 5599.15
  475.93, 5640.11
  476.14, 5562.28
  476.35, 5674.92
  476.56, 5689.26
  476.77, 5588.91
  476.98, 5875.62
  477.19, 5908.39
  477.40, 5842.85
  477.61, 5861.29
  477.82, 5918.63
  478.03, 5867.43
  478.24, 6016.93
  478.45, 5849.00
  478.66, 6084.52
  478.87, 6023.08
  479.08, 6317.98
  479.29, 6264.74
  479.50, 6324.13
  479.72, 6551.45
  479.93, 6821.78
  480.14, 6815.64
  480.35, 7040.92
  480.56, 7255.95
  480.77, 7405.45
  480.98, 7612.30
  481.19, 7966.60
  481.40, 8181.64
  481.61, 8460.16
  481.82, 9009.01
  482.03, 9455.47
  482.24, 9797.48
  482.45,10641.25
  482.66,11439.95
  482.87,11910.99
  483.08,12889.92
  483.29,13827.89
  483.50,14784.29
  483.71,15533.84
  483.92,16541.44
  484.13,17108.73
  484.34,18065.13
  484.55,19441.37
  484.76,20348.62
  484.97,21655.22
  485.18,22961.83
  485.39,24860.29
  485.60,26234.48
  485.81,27500.12
  486.02,28859.98
  486.23,29468.22
  486.44,29656.64
  486.65,29957.69
  486.86,29810.23
  487.07,30314.03
  487.28,29683.26
  487.49,29316.67
  487.70,28919.37
  487.91,28466.77
  488.12,27203.17
  488.33,26513.00
  488.54,25775.73
  488.75,24800.90
  488.96,24153.74
  489.17,24000.15
  489.38,22884.00
  489.59,22705.83
  489.80,22077.10
  490.01,21368.51
  490.21,21231.29
  490.42,20893.38
  490.63,20686.53
  490.84,20731.59
  491.05,21524.15
  491.26,21882.55
  491.47,20897.47
  491.68,20391.62
  491.89,20248.27
  492.10,19304.15
  492.31,18616.04
  492.52,18274.03
  492.73,18065.13
  492.94,17325.82
  493.15,17078.01
  493.36,16754.43
  493.57,16656.13
  493.78,16250.63
  493.99,15931.15
  494.20,15597.33
  494.40,15204.12
  494.61,15327.00
  494.82,14731.04
  495.03,14550.82
  495.24,14061.35
  495.45,14042.92
  495.66,13639.47
  495.87,13178.68
  496.08,13023.03
  496.29,12662.59
  496.50,12506.95
  496.71,12126.02
  496.92,12232.52
  497.13,11642.70
  497.33,11695.95
  497.54,11272.02
  497.75,11214.68
  497.96,10800.99
  498.17,10522.46
  498.38,10082.15
  498.59, 9916.26
  498.80, 9504.62
  499.01, 9256.82
  499.22, 8982.39
  499.43, 8593.28
  499.63, 8527.74
  499.84, 8421.25
  500.05, 8175.49
  500.26, 7962.50
  500.47, 7651.21
  500.68, 7241.62
  500.89, 7206.80
  501.10, 7133.08
  501.31, 7020.44
  501.52, 6750.10
  501.72, 6596.51
  501.93, 6428.57
  502.14, 6240.16
  502.35, 6209.44
  502.56, 6080.42
  502.77, 5877.67
  502.98, 5631.91
  503.19, 5603.24
  503.39, 5531.56
  503.60, 5390.25
  503.81, 5191.60
  504.02, 5072.82
  504.23, 5087.15
  504.44, 4951.99
  504.65, 4995.00
  504.86, 4769.72
  505.06, 4691.90
  505.27, 4609.98
  505.48, 4519.87
  505.69, 4384.70
  505.90, 4442.04
  506.11, 4407.23
  506.32, 4360.13
  506.52, 4265.92
  506.73, 4173.76
  506.94, 4294.59
  507.15, 4091.84
  507.36, 3999.68
  507.57, 3950.53
  507.78, 3948.48
  507.98, 4186.05
  508.19, 3956.68
  508.40, 4042.69
  508.61, 3911.62
  508.82, 3940.29
  509.03, 3923.91
  509.23, 3784.65
  509.44, 3934.15
  509.65, 3708.87
  509.86, 3823.56
  510.07, 3680.20
  510.28, 3717.06
  510.48, 3569.61
  510.69, 3579.85
  510.90, 3549.13
  511.11, 3565.51
  511.32, 3469.26
  511.53, 3497.93
  511.73, 3557.32
  511.94, 3395.53
  512.15, 3430.35
  512.36, 3526.60
  512.57, 3485.64
  512.77, 3422.16
  512.98, 3358.67
  513.19, 3315.66
  513.40, 3440.59
  513.61, 3753.93
  513.81, 3344.33
  514.02, 3272.65
  514.23, 3342.28
  514.44, 3178.45
  514.65, 3303.37
  514.85, 3198.93
  515.06, 3225.55
  515.27, 3084.24
  515.48, 3241.93
  515.69, 3135.44
  515.89, 3157.97
  516.10, 3123.15
  516.31, 3119.06
  516.52, 3129.30
  516.73, 3096.53
  516.93, 3207.12
  517.14, 2957.27
  517.35, 3008.47
  517.56, 2901.97
  517.76, 2944.98
  517.97, 3016.66
  518.18, 2953.17
  518.39, 2840.53
  518.60, 3026.90
  518.80, 2910.16
  519.01, 2799.57
  519.22, 2914.26
  519.43, 2918.36
  519.63, 2899.92
  519.84, 2865.11
  520.05, 2832.34
  520.26, 2918.36
  520.46, 2844.63
  520.67, 2795.48
  520.88, 2842.58
  521.09, 2770.90
  521.29, 2785.24
  521.50, 2826.20
  521.71, 2805.72
  521.92, 2820.05
  522.12, 2564.06
  522.33, 2750.42
  522.54, 2695.13
  522.75, 2699.22
  522.95, 2762.71
  523.16, 2693.08
  523.37, 2641.88
  523.58, 2566.10
  523.78, 2766.81
  523.99, 2697.17
  524.20, 2734.04
  524.41, 2658.26
  524.61, 2656.22
  524.82, 2623.45
  525.03, 2740.18
  525.23, 2754.52
  525.44, 2766.81
  525.65, 2734.04
  525.86, 2834.39
  526.06, 2674.65
  526.27, 2711.51
  526.48, 2742.23
  526.69, 2844.63
  526.89, 2844.63
  527.10, 2875.35
  527.31, 2934.74
  527.51, 2994.13
  527.72, 3020.75
  527.93, 2895.83
  528.13, 2959.31
  528.34, 2840.53
  528.55, 2934.74
  528.76, 2887.64
  528.96, 2985.94
  529.17, 2912.21
  529.38, 3014.61
  529.58, 3043.28
  529.79, 3026.90
  530.00, 3102.67
  530.20, 3016.66
  530.41, 3196.88
  530.62, 3153.87
  530.82, 3368.91
  531.03, 3223.50
  531.24, 3258.32
  531.45, 3479.50
  531.65, 3538.89
  531.86, 3731.40
  532.07, 4052.93
  532.27, 4470.72
  532.48, 5136.31
  532.69, 5599.15
  532.89, 6404.00
  533.10, 7425.93
  533.31, 7325.58
  533.51, 6946.71
  533.72, 6584.22
  533.93, 6342.56
  534.13, 5980.07
  534.34, 5877.67
  534.55, 6039.46
  534.75, 6039.46
  534.96, 6238.11
  535.17, 6551.45
  535.37, 7235.47
  535.58, 7473.04
  535.79, 8134.53
  535.99, 8775.55
  536.20, 9586.54
  536.40,10921.82
  536.61,12300.10
  536.82,14419.75
  537.02,16641.79
  537.23,18593.51
  537.44,20688.58
  537.64,22046.38
  537.85,23543.45
  538.06,24442.51
  538.26,25364.09
  538.47,26019.44
  538.67,27577.95
  538.88,30172.72
  539.09,33897.98
  539.29,38604.21
  539.50,44864.85
  539.71,51999.97
  539.91,59499.64
  540.12,65535.00
  540.32,65535.00
  540.53,65535.00
  540.74,65535.00
  540.94,65535.00
  541.15,65535.00
  541.36,65535.00
  541.56,65535.00
  541.77,65535.00
  541.97,65535.00
  542.18,65535.00
  542.39,65535.00
  542.59,65535.00
  542.80,65535.00
  543.00,65535.00
  543.21,65535.00
  543.42,65535.00
  543.62,65535.00
  543.83,65535.00
  544.03,65535.00
  544.24,65535.00
  544.45,65535.00
  544.65,65535.00
  544.86,65535.00
  545.06,65535.00
  545.27,65535.00
  545.47,65535.00
  545.68,65535.00
  545.89,65535.00
  546.09,65535.00
  546.30,65535.00
  546.50,65535.00
  546.71,65535.00
  546.92,65535.00
  547.12,65535.00
  547.33,65535.00
  547.53,65535.00
  547.74,65535.00
  547.94,65535.00
  548.15,65535.00
  548.35,65535.00
  548.56,65535.00
  548.77,65535.00
  548.97,65535.00
  549.18,65535.00
  549.38,65535.00
  549.59,65535.00
  549.79,65535.00
  550.00,65535.00
  550.20,65535.00
  550.41,65535.00
  550.62,65535.00
  550.82,65535.00
  551.03,65535.00
  551.23,65535.00
  551.44,65535.00
  551.64,65535.00
  551.85,65535.00
  552.05,65535.00
  552.26,65535.00
  552.46,65535.00
  552.67,65535.00
  552.87,65535.00
  553.08,65535.00
  553.28,65535.00
  553.49,65535.00
  553.70,65535.00
  553.90,65535.00
  554.11,65535.00
  554.31,65535.00
  554.52,65535.00
  554.72,65535.00
  554.93,65535.00
  555.13,65535.00
  555.34,65535.00
  555.54,65535.00
  555.75,65535.00
  555.95,65535.00
  556.16,65535.00
  556.36,44139.87
  556.57, 7790.47
  556.77, 7470.99
  556.98, 7348.11
  557.18, 7116.69
  557.39, 7047.06
  557.59, 6686.62
  557.80, 6731.67
  558.00, 6256.54
  558.21, 6000.55
  558.41, 5820.33
  558.62, 5615.53
  558.82, 5627.82
  559.03, 5345.20
  559.23, 5240.75
  559.44, 5072.82
  559.64, 5011.38
  559.85, 4943.80
  560.05, 4868.02
  560.25, 4788.15
  560.46, 4763.58
  560.66, 4530.11
  560.87, 4630.46
  561.07, 4513.72
  561.28, 4609.98
  561.48, 4497.34
  561.69, 4569.02
  561.89, 4358.08
  562.10, 4472.76
  562.30, 4331.45
  562.51, 4249.54
  562.71, 4220.86
  562.92, 4177.86
  563.12, 4106.18
  563.32, 4040.64
  563.53, 3839.94
  563.73, 3784.65
  563.94, 3745.73
  564.14, 3717.06
  564.35, 3801.03
  564.55, 3690.44
  564.76, 3612.62
  564.96, 3499.98
  565.16, 3454.92
  565.37, 3514.31
  565.57, 3379.15
  565.78, 3403.72
  565.98, 3241.93
  566.19, 3319.76
  566.39, 3307.47
  566.59, 3401.68
  566.80, 3387.34
  567.00, 3360.72
  567.21, 3473.36
  567.41, 3381.20
  567.62, 3352.52
  567.82, 3364.81
  568.02, 3387.34
  568.23, 3416.01
  568.43, 3444.68
  568.64, 3198.93
  568.84, 3315.66
  569.05, 3403.72
  569.25, 3241.93
  569.45, 3149.78
  569.66, 3074.00
  569.86, 2828.24
  570.07, 2912.21
  570.27, 2854.87
  570.47, 2832.34
  570.68, 2617.30
  570.88, 2705.37
  571.09, 2697.17
  571.29, 2703.32
  571.49, 2785.24
  571.70, 2746.33
  571.90, 2635.74
  572.10, 2662.36
  572.31, 2621.40
  572.51, 2770.90
  572.72, 2811.86
  572.92, 2895.83
  573.12, 2770.90
  573.33, 2805.72
  573.53, 2686.93
  573.74, 2869.20
  573.94, 2801.62
  574.14, 2959.31
  574.35, 2963.41
  574.55, 3215.31
  574.75, 3307.47
  574.96, 3532.75
  575.16, 3878.85
  575.37, 3901.38
  575.57, 4159.42
  575.77, 4620.22
  575.98, 5617.58
  576.18, 9807.72
  576.38,31290.91
  576.59,57650.32
  576.79,39306.66
  576.99,31292.96
  577.20,28132.95
  577.40,21903.03
  577.60,15468.31
  577.81,11605.84
  578.01, 9750.38
  578.21,10663.77
  578.42,22404.78
  578.62,50416.89
  578.82,47732.01
  579.03,31315.49
  579.23,29347.39
  579.43,25593.47
  579.64,22040.24
  579.84,24260.24
  580.04,26105.46
  580.25,22034.10
  580.45,19941.07
  580.65,18513.64
  580.86,17612.53
  581.06,16662.27
  581.26,16942.85
  581.47,17999.60
  581.67,19367.64
  581.87,21141.18
  582.08,23031.46
  582.28,24581.77
  582.48,26058.35
  582.69,27137.63
  582.89,28106.32
  583.09,29353.54
  583.30,29382.21
  583.50,29713.98
  583.70,29371.97
  583.90,28874.31
  584.11,28104.28
  584.31,27981.40
  584.51,27020.90
  584.72,26633.83
  584.92,25949.81
  585.12,24835.72
  585.33,24379.02
  585.53,23873.17
  585.73,23185.05
  585.93,23164.57
  586.14,23781.01
  586.34,25542.27
  586.54,30694.96
  586.75,38968.75
  586.95,46914.87
  587.15,46933.30
  587.35,42470.78
  587.56,37977.53
  587.76,33246.72
  587.96,28335.70
  588.16,24065.68
  588.37,21253.82
  588.57,18910.94
  588.77,17899.25
  588.97,16654.08
  589.18,15851.28
  589.38,15558.42
  589.58,15390.49
  589.79,15021.85
  589.99,15492.88
  590.19,15652.63
  590.39,16269.06
  590.60,16451.33
  590.80,17118.97
  591.00,17794.80
  591.20,18136.81
  591.41,18755.30
  591.61,19642.07
  591.81,21227.20
  592.01,23238.30
  592.21,25826.93
  592.42,28866.12
  592.62,32871.95
  592.82,35540.45
  593.02,35134.95
  593.23,33398.27
  593.43,30101.04
  593.63,26715.75
  593.83,22814.37
  594.04,19916.50
  594.24,17565.43
  594.44,15773.46
  594.64,14053.16
  594.84,13227.83
  595.05,12259.14
  595.25,11953.99
  595.45,11790.16
  595.65,11626.32
  595.86,11450.19
  596.06,11589.46
  596.26,11419.47
  596.46,11372.37
  596.66,11179.86
  596.87,11274.07
  597.07,11183.96
  597.27,11587.41
  597.47,11716.43
  597.67,12490.56
  597.88,13113.14
  598.08,14460.71
  598.28,15587.09
  598.48,17221.37
  598.68,18743.01
  598.88,20074.19
  599.09,21321.40
  599.29,21757.62
  599.49,22109.87
  599.69,20752.07
  599.89,19713.75
  600.10,18034.41
  600.30,16293.64
  600.50,14802.72
  600.70,13543.22
  600.90,12480.32
  601.10,11288.40
  601.31,10532.70
  601.51, 9803.63
  601.71, 9340.79
  601.91, 8800.12
  602.11, 8204.16
  602.31, 7792.52
  602.52, 7776.14
  602.72, 7475.09
  602.92, 7614.35
  603.12, 7554.96
  603.32, 7792.52
  603.52, 7978.89
  603.73, 8146.82
  603.93, 8216.45
  604.13, 8351.62
  604.33, 8722.30
  604.53, 8648.57
  604.73, 8656.76
  604.93, 8996.73
  605.14, 9166.71
  605.34, 9371.50
  605.54, 9574.25
  605.74, 9949.03
  605.94,10608.48
  606.14,10682.21
  606.34,11485.01
  606.54,11910.99
  606.75,12547.90
  606.95,13461.30
  607.15,14481.19
  607.35,16008.97
  607.55,16922.37
  607.75,18337.51
  607.95,19379.93
  608.15,20975.30
  608.36,22939.30
  608.56,25595.51
  608.76,28941.89
  608.96,32724.49
  609.16,37266.89
  609.36,43171.18
  609.56,51348.72
  609.76,61109.34
  609.96,65535.00
  610.17,65535.00
  610.37,65535.00
  610.57,65535.00
  610.77,65535.00
  610.97,65535.00
  611.17,65535.00
  611.37,65535.00
  611.57,65535.00
  611.77,65535.00
  611.97,65535.00
  612.17,65535.00
  612.38,65535.00
  612.58,65535.00
  612.78,65535.00
  612.98,65535.00
  613.18,65535.00
  613.38,65535.00
  613.58,65535.00
  613.78,65535.00
  613.98,65535.00
  614.18,65535.00
  614.38,65535.00
  614.58,65535.00
  614.78,65535.00
  614.99,65535.00
  615.19,65535.00
  615.39,65535.00
  615.59,65535.00
  615.79,65535.00
  615.99,65535.00
  616.19,65535.00
  616.39,65535.00
  616.59,65535.00
  616.79,65535.00
  616.99,65535.00
  617.19,65535.00
  617.39,65535.00
  617.59,65535.00
  617.79,65535.00
  617.99,65535.00
  618.19,65535.00
  618.39,65535.00
  618.59,65535.00
  618.79,65535.00
  618.99,65535.00
  619.20,65535.00
  619.40,65535.00
  619.60,65535.00
  619.80,65535.00
  620.00,65535.00
  620.20,65535.00
  620.40,20025.04
  620.60,22927.01
  620.80,20659.91
  621.00,20301.51
  621.20,20266.70
  621.40,19758.80
  621.60,19916.50
  621.80,19633.88
  622.00,19205.85
  622.20,19746.51
  622.40,19959.50
  622.60,20604.61
  622.80,21442.23
  623.00,22173.36
  623.20,22224.56
  623.40,22611.62
  623.60,22746.79
  623.80,22841.00
  624.00,22814.37
  624.20,23103.14
  624.40,22822.56
  624.60,22935.20
  624.80,23193.25
  625.00,23088.80
  625.20,23297.69
  625.40,23404.19
  625.60,23375.52
  625.80,23328.41
  626.00,23346.84
  626.20,22838.95
  626.40,22709.93
  626.60,22353.58
  626.80,21876.40
  627.00,21509.82
  627.19,20993.73
  627.39,20403.91
  627.59,20149.96
  627.79,19713.75
  627.99,19465.94
  628.19,18933.47
  628.39,18546.40
  628.59,18493.16
  628.79,18472.68
  628.99,18577.12
  629.19,18945.76
  629.39,19691.22
  629.59,20807.36
  629.79,22757.03
  629.99,25261.69
  630.19,29455.93
  630.39,34381.30
  630.59,39009.71
  630.79,41194.89
  630.99,39196.07
  631.19,35601.89
  631.38,30156.34
  631.58,25091.71
  631.78,20291.27
  631.98,16660.23
  632.18,13571.89
  632.38,11259.73
  632.58, 9918.31
  632.78, 8740.73
  632.98, 7835.53
  633.18, 7174.03
  633.38, 6760.34
  633.58, 6524.83
  633.78, 6143.91
  633.98, 5947.30
  634.17, 5867.43
  634.37, 5701.55
  634.57, 5593.00
  634.77, 5388.21
  634.97, 5406.64
  635.17, 5326.77
  635.37, 5185.46
  635.57, 5066.67
  635.77, 4999.09
  635.97, 4882.36
  636.16, 4761.53
  636.36, 4671.42
  636.56, 4714.42
  636.76, 4489.15
  636.96, 4452.28
  637.16, 4442.04
  637.36, 4442.04
  637.56, 4388.80
  637.76, 4163.52
  637.95, 4310.97
  638.15, 4237.25
  638.35, 3979.20
  638.55, 4050.88
  638.75, 4151.23
  638.95, 3948.48
  639.15, 4110.27
  639.35, 3989.44
  639.55, 3831.75
  639.74, 3934.15
  639.94, 3839.94
  640.14, 3850.18
  640.34, 3887.04
  640.54, 3942.34
  640.74, 3874.76
  640.94, 3997.64
  641.13, 3956.68
  641.33, 3987.40
  641.53, 3899.33
  641.73, 4018.11
  641.93, 4030.40
  642.13, 3903.43
  642.33, 3950.53
  642.52, 4020.16
  642.72, 4040.64
  642.92, 3938.24
  643.12, 4048.83
  643.32, 4116.42
  643.52, 4097.99
  643.71, 3979.20
  643.91, 4335.55
  644.11, 4138.94
  644.31, 4091.84
  644.51, 4177.86
  644.71, 4034.50
  644.90, 4061.12
  645.10, 4067.27
  645.30, 4501.44
  645.50, 4184.00
  645.70, 4048.83
  645.90, 4063.17
  646.09, 4007.87
  646.29, 3958.72
  646.49, 3977.16
  646.69, 4009.92
  646.89, 4069.31
  647.08, 4104.13
  647.28, 4126.66
  647.48, 4020.16
  647.68, 4175.81
  647.88, 4097.99
  648.07, 4112.32
  648.27, 4173.76
  648.47, 4349.89
  648.67, 4415.42
  648.87, 4571.07
  649.06, 4747.19
  649.26, 5355.44
  649.46, 6006.69
  649.66, 7573.39
  649.86, 9908.07
  650.05,11976.52
  650.25,12801.85
  650.45,12406.59
  650.65,10991.45
  650.85, 9836.39
  651.04, 8845.18
  651.24, 8038.28
  651.44, 7032.72
  651.64, 6131.62
  651.83, 5711.78
  652.03, 5484.46
  652.23, 5539.76
  652.43, 5885.86
  652.62, 6512.54
  652.82, 6764.44
  653.02, 6625.18
  653.22, 6404.00
  653.42, 5877.67
  653.61, 5674.92
  653.81, 5367.73
  654.01, 5187.50
  654.21, 4800.44
  654.40, 4708.28
  654.60, 4513.72
  654.80, 4413.37
  655.00, 4331.45
  655.19, 4245.44
  655.39, 4364.22
  655.59, 4325.31
  655.79, 4145.09
  655.98, 4100.03
  656.18, 4016.07
  656.38, 4147.14
  656.57, 4270.01
  656.77, 4220.86
  656.97, 4388.80
  657.17, 4583.35
  657.36, 4644.79
  657.56, 4902.84
  657.76, 5025.72
  657.96, 4814.77
  658.15, 4458.43
  658.35, 4167.62
  658.55, 3950.53
  658.74, 3667.91
  658.94, 3629.00
  659.14, 3352.52
  659.34, 3352.52
  659.53, 3459.02
  659.73, 3190.74
  659.93, 3239.89
  660.12, 3145.68
  660.32, 3268.56
  660.52, 3143.63
  660.72, 3272.65
  660.91, 3321.81
  661.11, 3538.89
  661.31, 3928.00
  661.50, 4706.23
  661.70, 5705.64
  661.90, 7079.83
  662.09, 8085.38
  662.29, 8251.27
  662.49, 7563.15
  662.68, 6926.23
  662.88, 6162.34
  663.08, 5470.12
  663.27, 5173.17
  663.47, 4698.04
  663.67, 4390.85
  663.87, 4120.51
  664.06, 3948.48
  664.26, 3696.58
  664.46, 3661.77
  664.65, 3397.58
  664.85, 3481.55
  665.05, 3428.30
  665.24, 3307.47
  665.44, 3358.67
  665.64, 3235.79
  665.83, 3325.90
  666.03, 3237.84
  666.22, 3467.21
  666.42, 3260.37
  666.62, 3459.02
  666.81, 3461.07
  667.01, 3444.68
  667.21, 3317.71
  667.40, 3364.81
  667.60, 3370.96
  667.80, 3491.79
  667.99, 3336.14
  668.19, 3162.06
  668.39, 3200.98
  668.58, 3110.86
  668.78, 3203.02
  668.97, 3190.74
  669.17, 3076.05
  669.37, 3065.81
  669.56, 3014.61
  669.76, 3030.99
  669.96, 2996.18
  670.15, 2951.12
  670.35, 3010.51
  670.54, 3067.86
  670.74, 3110.86
  670.94, 3014.61
  671.13, 3045.33
  671.33, 3049.43
  671.53, 3090.38
  671.72, 3061.71
  671.92, 3090.38
  672.11, 2895.83
  672.31, 2904.02
  672.51, 3045.33
  672.70, 2883.54
  672.90, 2787.29
  673.09, 2738.13
  673.29, 2789.33
  673.49, 2736.09
  673.68, 2842.58
  673.88, 2754.52
  674.07, 2684.89
  674.27, 2756.57
  674.47, 2648.02
  674.66, 2699.22
  674.86, 2803.67
  675.05, 2672.60
  675.25, 2564.06
  675.44, 2625.50
  675.64, 2682.84
  675.84, 2621.40
  676.03, 2566.10
  676.23, 2557.91
  676.42, 2631.64
  676.62, 2645.98
  676.81, 2549.72
  677.01, 2557.91
  677.21, 2600.92
  677.40, 2594.78
  677.60, 2729.94
  677.79, 2731.99
  677.99, 2738.13
  678.18, 2742.23
  678.38, 2811.86
  678.57, 2815.96
  678.77, 2891.73
  678.97, 2908.12
  679.16, 2942.93
  679.36, 2979.79
  679.55, 3055.57
  679.75, 3106.77
  679.94, 3303.37
  680.14, 3270.61
  680.33, 3196.88
  680.53, 3227.60
  680.72, 3272.65
  680.92, 3143.63
  681.12, 3196.88
  681.31, 3084.24
  681.51, 3100.62
  681.70, 2973.65
  681.90, 2863.06
  682.09, 2863.06
  682.29, 2908.12
  682.48, 2867.16
  682.68, 2770.90
  682.87, 2828.24
  683.07, 2766.81
  683.26, 2785.24
  683.46, 2740.18
  683.65, 2748.37
  683.85, 2787.29
  684.04, 2854.87
  684.24, 2838.48
  684.43, 2803.67
  684.63, 2881.49
  684.82, 2863.06
  685.02, 3026.90
  685.21, 3010.51
  685.41, 3219.41
  685.60, 3112.91
  685.80, 3428.30
  685.99, 3553.23
  686.19, 3823.56
  686.38, 4251.58
  686.58, 4749.24
  686.77, 5201.84
  686.97, 5978.02
  687.16, 6395.81
  687.36, 6795.16
  687.55, 6891.41
  687.75, 6596.51
  687.94, 6244.26
  688.14, 5705.64
  688.33, 4921.27
  688.53, 4601.79
  688.72, 4001.73
  688.91, 3538.89
  689.11, 3332.05
  689.30, 2985.94
  689.50, 2873.30
  689.69, 2527.19
  689.89, 2443.23
  690.08, 2541.53
  690.28, 3020.75
  690.47, 3295.18
  690.67, 2723.80
  690.86, 2492.38
  691.05, 2373.60
  691.25, 2203.61
  691.44, 2209.76
  691.64, 2101.22
  691.83, 2093.02
  692.03, 2123.74
  692.22, 2164.70
  692.42, 2205.66
  692.61, 2631.64
  692.80, 3203.02
  693.00, 3938.24
  693.19, 5392.30
  693.39, 6250.40
  693.58, 5965.73
  693.78, 5167.03
  693.97, 4485.05
  694.16, 3690.44
  694.36, 2953.17
  694.55, 2676.70
  694.75, 2357.21
  694.94, 2115.55
  695.14, 2197.47
  695.33, 1910.75
  695.52, 2000.87
  695.72, 2009.06
  695.91, 2150.37
  696.11, 2840.53
  696.30, 3147.73
  696.49, 2543.58
  696.69, 2328.54
  696.88, 2033.63
  697.08, 1908.71
  697.27, 1830.88
  697.46, 1753.06
  697.66, 1779.68
  697.85, 1771.49
  698.05, 1763.30
  698.24, 1783.78
  698.43, 1861.60
  698.63, 1818.60
  698.82, 1904.61
  699.01, 1720.29
  699.21, 1755.11
  699.40, 1812.45
  699.60, 1748.97
  699.79, 1820.64
  699.98, 1812.45
  700.18, 1863.65
  700.37, 1787.88
  700.56, 1818.60
  700.76, 1914.85
  700.95, 1843.17
  701.15, 1845.22
  701.34, 1923.04
  701.53, 2025.44
  701.73, 2017.25
  701.92, 1986.53
  702.11, 2086.88
  702.31, 2174.94
  702.50, 2168.80
  702.69, 2258.91
  702.89, 2252.77
  703.08, 2484.19
  703.27, 2652.12
  703.47, 3045.33
  703.66, 3166.16
  703.85, 3233.74
  704.05, 3211.22
  704.24, 3268.56
  704.43, 3344.33
  704.63, 3448.78
  704.82, 3725.26
  705.01, 4145.09
  705.21, 4628.41
  705.40, 5367.73
  705.59, 6172.58
  705.79, 7118.74
  705.98, 8302.47
  706.17, 9801.58
  706.37,12025.67
  706.56,12658.49
  706.75,13188.92
  706.95,12820.28
  707.14,12162.89
  707.33,10782.56
  707.53, 9285.49
  707.72, 8167.30
  707.91, 7851.91
  708.10, 8038.28
  708.30, 9717.61
  708.49,13180.73
  708.68,16439.05
  708.88,17334.01
  709.07,14896.92
  709.26,11972.43
  709.46, 9449.33
  709.65, 7219.09
  709.84, 5695.40
  710.03, 4782.01
  710.23, 4343.74
  710.42, 4063.17
  710.61, 4198.34
  710.80, 4306.88
  711.00, 4691.90
  711.19, 5670.83
  711.38, 7569.29
  711.58, 9938.79
  711.77,11876.17
  711.96,12601.15
  712.15,13123.38
  712.35,12724.03
  712.54,11128.66
  712.73, 8896.38
  712.92, 6819.74
  713.12, 5367.73
  713.31, 4321.21
  713.50, 3551.18
  713.69, 3018.71
  713.89, 2691.03
  714.08, 2379.74
  714.27, 2162.66
  714.46, 2082.78
  714.66, 1957.86
  714.85, 1953.76
  715.04, 1818.60
  715.23, 1720.29
  715.43, 1789.92
  715.62, 1757.16
  715.81, 1755.11
  716.00, 1806.31
  716.20, 1720.29
  716.39, 1609.70
  716.58, 1574.89
  716.77, 1644.52
  716.97, 1585.13
  717.16, 1603.56
  717.35, 1683.43
  717.54, 1576.94
  717.73, 1601.51
  717.93, 1617.90
  718.12, 1562.60
  718.31, 1601.51
  718.50, 1689.57
  718.69, 1597.42
  718.89, 1574.89
  719.08, 1634.28
  719.27, 1630.18
  719.46, 1568.74
  719.66, 1589.22
  719.85, 1517.54
  720.04, 1576.94
  720.23, 1509.35
  720.42, 1558.50
  720.61, 1583.08
  720.81, 1552.36
  721.00, 1615.85
  721.19, 1751.01
  721.38, 1462.25
  721.57, 1550.31
  721.77, 1497.07
  721.96, 1513.45
  722.15, 1505.26
  722.34, 1497.07
  722.53, 1509.35
  722.73, 1558.50
  722.92, 1572.84
  723.11, 1484.78
  723.30, 1501.16
  723.49, 1554.41
  723.68, 1511.40
  723.88, 1593.32
  724.07, 1406.95
  724.26, 1439.72
  724.45, 1421.29
  724.64, 1462.25
  724.83, 1519.59
  725.02, 1480.68
  725.22, 1591.27
  725.41, 1519.59
  725.60, 1540.07
  725.79, 1490.92
  725.98, 1523.69
  726.17, 1411.05
  726.37, 1517.54
  726.56, 1497.07
  726.75, 1617.90
  726.94, 1886.18
  727.13, 1775.59
  727.32, 1650.66
  727.51, 1609.70
  727.70, 1505.26
  727.90, 1611.75
  728.09, 1490.92
  728.28, 1492.97
  728.47, 1554.41
  728.66, 1533.93
  728.85, 1490.92
  729.04, 1398.76
  729.23, 1542.12
  729.43, 1542.12
  729.62, 1523.69
  729.81, 1574.89
  730.00, 1353.71
  730.19, 1519.59
  730.38, 1542.12
  730.57, 1509.35
  730.76, 1472.49
  730.95, 1517.54
  731.15, 1447.91
  731.34, 1429.48
  731.53, 1345.52
  731.72, 1296.36
  731.91, 1353.71
  732.10, 1452.01
  732.29, 1482.73
  732.48, 1400.81
  732.67, 1419.24
  732.86, 1433.58
  733.05, 1478.63
  733.25, 1378.28
  733.44, 1366.00
  733.63, 1429.48
  733.82, 1417.19
  734.01, 1380.33
  734.20, 1386.47
  734.39, 1269.74
  734.58, 1439.72
  734.77, 1429.48
  734.96, 1443.82
  735.15, 1468.39
  735.34, 1482.73
  735.53, 1542.12
  735.72, 1331.18
  735.91, 1337.32
  736.11, 1486.83
  736.30, 1390.57
  736.49, 1476.59
  736.68, 1361.90
  736.87, 1470.44
  737.06, 1425.39
  737.25, 1484.78
  737.44, 1472.49
  737.63, 1548.26
  737.82, 2015.20
  738.01, 3061.71
  738.20, 3108.82
  738.39, 2316.25
  738.58, 2013.15
  738.77, 1894.37
  738.96, 1697.77
  739.15, 1576.94
  739.34, 1462.25
  739.53, 1415.15
  739.72, 1552.36
  739.91, 1431.53
  740.10, 1411.05
  740.29, 1409.00
  740.48, 1492.97
  740.67, 1454.06
  740.86, 1421.29
  741.05, 1492.97
  741.24, 1511.40
  741.43, 1665.00
  741.62, 1574.89
  741.81, 1642.47
  742.00, 1646.57
  742.19, 1662.95
  742.38, 1755.11
  742.57, 1755.11
  742.76, 1624.04
  742.95, 1658.85
  743.14, 1517.54
  743.33, 1538.02
  743.52, 1851.36
  743.71, 1519.59
  743.90, 1363.95
  744.09, 1535.98
  744.28, 1562.60
  744.47, 1421.29
  744.66, 1357.80
  744.85, 1466.35
  745.04, 1292.27
  745.23, 1441.77
  745.42, 1409.00
  745.61, 1255.40
  745.80, 1396.71
  745.99, 1441.77
  746.18, 1556.46
  746.37, 1650.66
  746.56, 1581.03
  746.75, 1482.73
  746.94, 1454.06
  747.13, 1488.87
  747.32, 1419.24
  747.51, 1392.62
  747.70, 1384.43
  747.89, 1411.05
  748.08, 1431.53
  748.27, 1372.14
  748.46, 1421.29
  748.64, 1427.43
  748.83, 1296.36
  749.02, 1314.80
  749.21, 1339.37
  749.40, 1378.28
  749.59, 1419.24
  749.78, 1892.32
  749.97, 2725.85
  750.16, 3026.90
  750.35, 2322.40
  750.54, 2031.59
  750.73, 1972.19
  750.92, 2242.53
  751.11, 3139.54
  751.29, 2871.25
  751.48, 2148.32
  751.67, 1984.48
  751.86, 1687.53
  752.05, 1636.33
  752.24, 1454.06
  752.43, 1351.66
  752.62, 1390.57
  752.81, 1372.14
  753.00, 1355.76
  753.19, 1366.00
  753.37, 1382.38
  753.56, 1359.85
  753.75, 1458.15
  753.94, 1404.91
  754.13, 1355.76
  754.32, 1329.13
  754.51, 1245.17
  754.70, 1353.71
  754.89, 1296.36
  755.08, 1259.50
  755.26, 1322.99
  755.45, 1292.27
  755.64, 1304.56
  755.83, 1370.09
  756.02, 1314.80
  756.21, 1210.35
  756.40, 1333.23
  756.59, 1415.15
  756.77, 1443.82
  756.96, 1337.32
  757.15, 1282.03
  757.34, 1404.91
  757.53, 1368.04
  757.72, 1392.62
  757.91, 1247.21
  758.09, 1284.08
  758.28, 1304.56
  758.47, 1363.95
  758.66, 1337.32
  758.85, 1331.18
  759.04, 1374.19
  759.23, 1230.83
  759.41, 1312.75
  759.60, 1310.70
  759.79, 1277.93
  759.98, 1312.75
  760.17, 1269.74
  760.36, 1337.32
  760.54, 1368.04
  760.73, 1310.70
  760.92, 1366.00
  761.11, 1265.64
  761.30, 1271.79
  761.49, 1292.27
  761.67, 1298.41
  761.86, 1333.23
  762.05, 1454.06
  762.24, 1566.70
  762.43, 1355.76
  762.61, 1484.78
  762.80, 2050.02
  762.99, 4419.52
  763.18, 7655.31
  763.37, 6264.74
  763.56, 4052.93
  763.74, 3145.68
  763.93, 2432.99
  764.12, 1861.60
  764.31, 1751.01
  764.50, 1572.84
  764.68, 1495.02
  764.87, 1370.09
  765.06, 1417.19
  765.25, 1460.20
  765.44, 1345.52
  765.62, 1351.66
  765.81, 1310.70
  766.00, 1282.03
  766.19, 1370.09
  766.37, 1300.46
  766.56, 1361.90
  766.75, 1322.99
  766.94, 1372.14
  767.13, 1279.98
  767.31, 1349.61
  767.50, 1333.23
  767.69, 1368.04
  767.88, 1214.45
  768.06, 1263.60
  768.25, 1308.65
  768.44, 1345.52
  768.63, 1277.93
  768.81, 1234.93
  769.00, 1343.47
  769.19, 1292.27
  769.38, 1304.56
  769.56, 1314.80
  769.75, 1370.09
  769.94, 1392.62
  770.13, 1370.09
  770.31, 1329.13
  770.50, 1331.18
  770.69, 1359.85
  770.88, 1284.08
  771.06, 1361.90
  771.25, 1386.47
  771.44, 1402.86
  771.63, 1540.07
  771.81, 1890.28
  772.00, 3129.30
  772.19, 3444.68
  772.37, 2463.71
  772.56, 2217.95
  772.75, 1732.58
  772.94, 1644.52
  773.12, 1531.88
  773.31, 1511.40
  773.50, 1366.00
  773.69, 1492.97
  773.87, 1331.18
  774.06, 1300.46
  774.25, 1275.88
  774.43, 1345.52
  774.62, 1433.58
  774.81, 1419.24
  774.99, 1331.18
  775.18, 1288.17
  775.37, 1366.00
  775.56, 1329.13
  775.74, 1341.42
  775.93, 1361.90
  776.12, 1415.15
  776.30, 1347.56
  776.49, 1349.61
  776.68, 1304.56
  776.86, 1314.80
  777.05, 1241.07
  777.24, 1329.13
  777.42, 1349.61
  777.61, 1300.46
  777.80, 1230.83
  777.98, 1327.08
  778.17, 1241.07
  778.36, 1277.93
  778.54, 1279.98
  778.73, 1296.36
  778.92, 1261.55
  779.10, 1329.13
  779.29, 1327.08
  779.48, 1394.67
  779.66, 1325.04
  779.85, 1298.41
  780.04, 1198.06
  780.22, 1263.60
  780.41, 1247.21
  780.60, 1290.22
  780.78, 1245.17
  780.97, 1175.53
  781.16, 1249.26
  781.34, 1243.12
  781.53, 1347.56
  781.72, 1306.60
  781.90, 1247.21
  782.09, 1327.08
  782.27, 1263.60
  782.46, 1273.84
  782.65, 1298.41
  782.83, 1247.21
  783.02, 1396.71
  783.21, 1290.22
  783.39, 1261.55
  783.58, 1359.85
  783.76, 1308.65
  783.95, 1312.75
  784.14, 1374.19
  784.32, 1366.00
  784.51, 1253.36
  784.69, 1302.51
  784.88, 1380.33
  785.07, 1232.88
  785.25, 1277.93
  785.44, 1226.73
  785.62, 1306.60
  785.81, 1304.56
  786.00, 1417.19
  786.18, 1253.36
  786.37, 1400.81
  786.55, 1261.55
  786.74, 1292.27
  786.93, 1279.98
  787.11, 1263.60
  787.30, 1245.17
  787.48, 1394.67
  787.67, 1247.21
  787.86, 1255.40
  788.04, 1284.08
  788.23, 1226.73
  788.41, 1292.27
  788.60, 1261.55
  788.78, 1353.71
  788.97, 1314.80
  789.16, 1296.36
  789.34, 1286.12
  789.53, 1259.50
  789.71, 1345.52
  789.90, 1351.66
  790.08, 1259.50
  790.27, 1251.31
  790.45, 1267.69
  790.64, 1290.22
  790.83, 1445.87
  791.01, 1183.73
  791.20, 1300.46
  791.38, 1239.02
  791.57, 1337.32
  791.75, 1308.65
  791.94, 1322.99
  792.12, 1279.98
  792.31, 1275.88
  792.49, 1331.18
  792.68, 1302.51
  792.87, 1296.36
  793.05, 1384.43
  793.24, 1216.49
  793.42, 1298.41
  793.61, 1382.38
  793.79, 1312.75
  793.98, 1402.86
  794.16, 1687.53
  794.35, 2508.76
  794.53, 3332.05
  794.72, 2484.19
  794.90, 2099.17
  795.09, 1736.68
  795.27, 1488.87
  795.46, 1456.11
  795.64, 1363.95
  795.83, 1372.14
  796.01, 1384.43
  796.20, 1337.32
  796.38, 1349.61
  796.57, 1329.13
  796.75, 1329.13
  796.94, 1302.51
  797.12, 1322.99
  797.31, 1353.71
  797.49, 1263.60
  797.68, 1361.90
  797.86, 1259.50
  798.05, 1386.47
  798.23, 1286.12
  798.42, 1325.04
  798.60, 1363.95
  798.79, 1224.69
  798.97, 1386.47
  799.16, 1327.08
  799.34, 1253.36
  799.52, 1249.26
  799.71, 1392.62
  799.89, 1425.39
  800.08, 1695.72
  800.26, 2250.72
  800.45, 2242.53
  800.63, 1802.21
  800.82, 2058.21
  801.00, 2875.35
  801.19, 3932.10
  801.37, 2918.36
  801.55, 2203.61
  801.74, 1898.47
  801.92, 1640.42
  802.11, 1499.11
  802.29, 1452.01
  802.48, 1331.18
  802.66, 1378.28
  802.85, 1286.12
  803.03, 1363.95
  803.21, 1361.90
  803.40, 1341.42
  803.58, 1417.19
  803.77, 1355.76
  803.95, 1386.47
  804.14, 1359.85
  804.32, 1386.47
  804.50, 1402.86
  804.69, 1439.72
  804.87, 1390.57
  805.06, 1339.37
  805.24, 1402.86
  805.42, 1374.19
  805.61, 1357.80
  805.79, 1452.01
  805.98, 1359.85
  806.16, 1337.32
  806.34, 1435.63
  806.53, 1351.66
  806.71, 1361.90
  806.90, 1413.10
  807.08, 1261.55
  807.26, 1273.84
  807.45, 1226.73
  807.63, 1251.31
  807.82, 1333.23
  808.00, 1452.01
  808.18, 1261.55
  808.37, 1243.12
  808.55, 1271.79
  808.74, 1279.98
  808.92, 1320.94
  809.10, 1370.09
  809.29, 1347.56
  809.47, 1388.52
  809.65, 1732.58
  809.84, 2514.91
  810.02, 3991.49
  810.20, 3643.34
  810.39, 2445.27
  810.57, 2084.83
  810.76, 2469.85
  810.94, 4485.05
  811.12, 8832.89
  811.31,10370.91
  811.49, 5744.55
  811.67, 4308.93
  811.86, 3090.38
  812.04, 2389.98
  812.22, 1920.99
  812.41, 1714.15
  812.59, 1601.51
  812.77, 1370.09
  812.96, 1386.47
  813.14, 1335.28
  813.32, 1394.67
  813.51, 1230.83
  813.69, 1363.95
  813.87, 1384.43
  814.06, 1339.37
  814.24, 1345.52
  814.42, 1388.52
  814.61, 1263.60
  814.79, 1284.08
  814.97, 1318.89
  815.16, 1345.52
  815.34, 1243.12
  815.52, 1265.64
  815.71, 1236.97
  815.89, 1351.66
  816.07, 1275.88
  816.25, 1341.42
  816.44, 1361.90
  816.62, 1257.45
  816.80, 1284.08
  816.99, 1306.60
  817.17, 1302.51
  817.35, 1320.94
  817.54, 1230.83
  817.72, 1402.86
  817.90, 1396.71
  818.08, 1263.60
  818.27, 1355.76
  818.45, 1370.09
  818.63, 1173.49
  818.82, 1279.98
  819.00, 1243.12
  819.18, 1204.21
  819.36, 1419.24
  819.55, 1361.90
  819.73, 1193.97
  819.91, 1273.84
  820.09, 1226.73
  820.28, 1277.93
  820.46, 1269.74
  820.64, 1404.91
  820.82, 1337.32
  821.01, 1253.36
  821.19, 1142.77
  821.37, 1245.17
  821.55, 1275.88
  821.74, 1183.73
  821.92, 1320.94
  822.10, 1288.17
  822.28, 1234.93
  822.47, 1261.55
  822.65, 1261.55
  822.83, 1322.99
  823.01, 1339.37
  823.20, 1382.38
  823.38, 1304.56
  823.56, 1261.55
  823.74, 1298.41
  823.93, 1300.46
  824.11, 1251.31
  824.29, 1257.45
  824.47, 1355.76
  824.65, 1292.27
  824.84, 1259.50
  825.02, 1243.12
  825.20, 1247.21
  825.38, 1292.27
  825.57, 1337.32
  825.75, 1499.11
  825.93, 1904.61
  826.11, 2516.95
  826.29, 2357.21
  826.48, 1875.94
  826.66, 1708.01
  826.84, 1419.24
  827.02, 1396.71
  827.20, 1337.32
  827.39, 1296.36
  827.57, 1347.56
  827.75, 1302.51
  827.93, 1259.50
  828.11, 1288.17
  828.29, 1230.83
  828.48, 1228.78
  828.66, 1247.21
  828.84, 1269.74
  829.02, 1325.04
  829.20, 1380.33
  829.39, 1277.93
  829.57, 1234.93
  829.75, 1241.07
  829.93, 1257.45
  830.11, 1310.70
  830.29, 1384.43
  830.48, 1249.26
  830.66, 1294.32
  830.84, 1243.12
  831.02, 1335.28
  831.20, 1277.93
  831.38, 1267.69
  831.56, 1265.64
  831.75, 1286.12
  831.93, 1255.40
  832.11, 1320.94
  832.29, 1267.69
  832.47, 1314.80
  832.65, 1255.40
  832.84, 1273.84
  833.02, 1370.09
  833.20, 1263.60
  833.38, 1325.04
  833.56, 1218.54
  833.74, 1298.41
  833.92, 1257.45
  834.10, 1273.84
  834.29, 1294.32
  834.47, 1224.69
  834.65, 1255.40
  834.83, 1232.88
  835.01, 1220.59
  835.19, 1265.64
  835.37, 1273.84
  835.55, 1239.02
  835.73, 1208.30
  835.92, 1351.66
  836.10, 1187.82
  836.28, 1355.76
  836.46, 1191.92
  836.64, 1265.64
  836.82, 1308.65
  837.00, 1331.18
  837.18, 1302.51
  837.36, 1255.40
  837.54, 1284.08
  837.73, 1292.27
  837.91, 1288.17
  838.09, 1331.18
  838.27, 1273.84
  838.45, 1249.26
  838.63, 1251.31
  838.81, 1269.74
  838.99, 1343.47
  839.17, 1310.70
  839.35, 1329.13
  839.53, 1316.84
  839.71, 1320.94
  839.89, 1288.17
  840.08, 1458.15
  840.26, 2099.17
  840.44, 3157.97
  840.62, 3284.94
  840.80, 2133.98
  840.98, 1935.33
  841.16, 1599.46
  841.34, 1566.70
  841.52, 1525.74
  841.70, 1638.38
  841.88, 2334.68
  842.06, 4124.61
  842.24, 4667.32
  842.42, 2787.29
  842.60, 2484.19
  842.78, 1787.88
  842.96, 1630.18
  843.14, 1542.12
  843.32, 1378.28
  843.50, 1470.44
  843.68, 1288.17
  843.86, 1376.23
  844.05, 1333.23
  844.23, 1312.75
  844.41, 1267.69
  844.59, 1220.59
  844.77, 1304.56
  844.95, 1267.69
  845.13, 1308.65
  845.31, 1372.14
  845.49, 1239.02
  845.67, 1308.65
  845.85, 1322.99
  846.03, 1329.13
  846.21, 1351.66
  846.39, 1314.80
  846.57, 1255.40
  846.75, 1343.47
  846.93, 1296.36
  847.11, 1191.92
  847.29, 1253.36
  847.47, 1208.30
  847.65, 1243.12
  847.83, 1290.22
  848.01, 1316.84
  848.19, 1341.42
  848.37, 1310.70
  848.55, 1279.98
  848.73, 1359.85
  848.90, 1292.27
  849.08, 1339.37
  849.26, 1296.36
  849.44, 1353.71
  849.62, 1292.27
  849.80, 1329.13
  849.98, 1366.00
  850.16, 1318.89
  850.34, 1300.46
  850.52, 1230.83
  850.70, 1304.56
  850.88, 1294.32
  851.06, 1236.97
  851.24, 1335.28
  851.42, 1421.29
  851.60, 1671.14
  851.78, 2095.07
  851.96, 2101.22
  852.14, 1621.99
  852.32, 1544.17
  852.50, 1425.39
  852.68, 1351.66
  852.85, 1310.70
  853.03, 1220.59
  853.21, 1308.65
  853.39, 1306.60
  853.57, 1335.28
  853.75, 1302.51
  853.93, 1282.03
  854.11, 1245.17
  854.29, 1298.41
  854.47, 1374.19
  854.65, 1353.71
  854.83, 1220.59
  855.01, 1322.99
  855.18, 1210.35
  855.36, 1374.19
  855.54, 1357.80
  855.72, 1271.79
  855.90, 1247.21
  856.08, 1181.68
  856.26, 1228.78
  856.44, 1282.03
  856.62, 1347.56
  856.80, 1259.50
  856.97, 1341.42
  857.15, 1300.46
  857.33, 1275.88
  857.51, 1271.79
  857.69, 1243.12
  857.87, 1220.59
  858.05, 1196.01
  858.23, 1314.80
  858.41, 1224.69
  858.58, 1286.12
  858.76, 1351.66
  858.94, 1310.70
  859.12, 1318.89
  859.30, 1241.07
  859.48, 1230.83
  859.66, 1230.83
  859.83, 1230.83
  860.01, 1273.84
  860.19, 1284.08
  860.37, 1271.79
  860.55, 1249.26
  860.73, 1304.56
  860.91, 1423.34
  861.08, 1249.26
  861.26, 1214.45
  861.44, 1222.64
  861.62, 1226.73
  861.80, 1286.12
  861.98, 1282.03
  862.15, 1236.97
  862.33, 1271.79
  862.51, 1431.53
  862.69, 1292.27
  862.87, 1325.04
  863.05, 1290.22
  863.22, 1443.82
  863.40, 1331.18
  863.58, 1251.31
  863.76, 1325.04
  863.94, 1275.88
  864.12, 1318.89
  864.29, 1198.06
  864.47, 1296.36
  864.65, 1218.54
  864.83, 1247.21
  865.01, 1230.83
  865.18, 1402.86
  865.36, 1259.50
  865.54, 1200.11
  865.72, 1257.45
  865.90, 1243.12
  866.07, 1312.75
  866.25, 1292.27
  866.43, 1499.11
  866.61, 1417.19
  866.79, 1376.23
  866.96, 1284.08
  867.14, 1335.28
  867.32, 1267.69
  867.50, 1249.26
  867.68, 1312.75
  867.85, 1243.12
  868.03, 1249.26
  868.21, 1296.36
  868.39, 1372.14
  868.56, 1206.25
  868.74, 1279.98
  868.92, 1331.18
  869.10, 1241.07
  869.27, 1261.55
  869.45, 1294.32
  869.63, 1247.21
  869.81, 1224.69
  869.98, 1277.93
  870.16, 1261.55
  870.34, 1181.68
  870.52, 1404.91
  870.69, 1337.32
  870.87, 1243.12
  871.05, 1345.52
  871.23, 1275.88
  871.40, 1288.17
  871.58, 1249.26
  871.76, 1327.08
  871.94, 1320.94
  872.11, 1241.07
  872.29, 1234.93
  872.47, 1224.69
  872.65, 1312.75
  872.82, 1380.33
  873.00, 1249.26
  873.18, 1251.31
  873.35, 1273.84
  873.53, 1179.63
  873.71, 1327.08
  873.89, 1204.21
  874.06, 1239.02
  874.24, 1218.54
  874.42, 1210.35
  874.59, 1247.21
  874.77, 1335.28
  874.95, 1234.93
  875.13, 1226.73
  875.30, 1292.27
  875.48, 1329.13
  875.66, 1320.94
  875.83, 1322.99
  876.01, 1259.50
  876.19, 1279.98
  876.36, 1236.97
  876.54, 1359.85
  876.72, 1316.84
  876.89, 1230.83
  877.07, 1271.79
  877.25, 1302.51
  877.43, 1249.26
  877.60, 1204.21
  877.78, 1210.35
  877.96, 1300.46
  878.13, 1265.64
  878.31, 1353.71
  878.49, 1304.56
  878.66, 1224.69
  878.84, 1202.16
  879.02, 1165.29
  879.19, 1251.31
  879.37, 1232.88
  879.54, 1214.45
  879.72, 1288.17
  879.90, 1337.32
  880.07, 1310.70
  880.25, 1200.11
  880.43, 1277.93
  880.60, 1265.64
  880.78, 1218.54
  880.96, 1388.52
  881.13, 1327.08
  881.31, 1302.51
  881.49, 1298.41
  881.66, 1279.98
  881.84, 1314.80
  882.01, 1282.03
  882.19, 1298.41
  882.37, 1183.73
  882.54, 1206.25
  882.72, 1263.60
  882.90, 1232.88
  883.07, 1345.52
  883.25, 1175.53
  883.42, 1314.80
  883.60, 1189.87
  883.78, 1298.41
  883.95, 1243.12
  884.13, 1308.65
  884.30, 1284.08
  884.48, 1333.23
  884.66, 1241.07
  884.83, 1304.56
  885.01, 1241.07
  885.18, 1306.60
  885.36, 1312.75
  885.54, 1282.03
  885.71, 1251.31
  885.89, 1257.45
  886.06, 1304.56
  886.24, 1236.97
  886.41, 1210.35
  886.59, 1282.03
  886.77, 1230.83
  886.94, 1325.04
  887.12, 1232.88
  887.29, 1267.69
  887.47, 1329.13
  887.65, 1335.28
  887.82, 1212.40
  888.00, 1232.88
  888.17, 1288.17
  888.35, 1277.93
  888.52, 1255.40
  888.70, 1318.89
  888.87, 1325.04
  889.05, 1329.13
  889.23, 1312.75
  889.40, 1320.94
  889.58, 1263.60
  889.75, 1376.23
  889.93, 1226.73
  890.10, 1366.00
  890.28, 1322.99
  890.45, 1222.64
  890.63, 1220.59
  890.80, 1220.59
  890.98, 1329.13
  891.15, 1298.41
  891.33, 1292.27
  891.50, 1234.93
  891.68, 1245.17
  891.86, 1290.22
  892.03, 1157.10
  892.21, 1245.17
  892.38, 1132.53
  892.56, 1239.02
  892.73, 1241.07
  892.91, 1288.17
  893.08, 1214.45
  893.26, 1243.12
  893.43, 1243.12
  893.61, 1298.41
  893.78, 1255.40
  893.96, 1259.50
  894.13, 1206.25
  894.31, 1316.84
  894.48, 1337.32
  894.66, 1337.32
  894.83, 1239.02
  895.01, 1296.36
  895.18, 1230.83
  895.36, 1267.69
  895.53, 1208.30
  895.70, 1292.27
  895.88, 1273.84
  896.05, 1353.71
  896.23, 1251.31
  896.40, 1241.07
  896.58, 1255.40
  896.75, 1290.22
  896.93, 1228.78
  897.10, 1247.21
  897.28, 1273.84
  897.45, 1175.53
  897.63, 1279.98
  897.80, 1310.70
  897.98, 1241.07
  898.15, 1290.22
  898.32, 1253.36
  898.50, 1384.43
  898.67, 1269.74
  898.85, 1320.94
  899.02, 1212.40
  899.20, 1257.45
  899.37, 1265.64
  899.55, 1302.51
  899.72, 1236.97
  899.89, 1146.86
  900.07, 1216.49
  900.24, 1200.11
  900.42, 1249.26
  900.59, 1212.40
  900.77, 1214.45
  900.94, 1290.22
  901.11, 1187.82
  901.29, 1275.88
  901.46, 1284.08
  901.64, 1253.36
  901.81, 1370.09
  901.98, 1210.35
  902.16, 1368.04
  902.33, 1300.46
  902.51, 1267.69
  902.68, 1288.17
  902.85, 1214.45
  903.03, 1286.12
  903.20, 1216.49
  903.38, 1234.93
  903.55, 1333.23
  903.72, 1261.55
  903.90, 1325.04
  904.07, 1251.31
  904.25, 1294.32
  904.42, 1282.03
  904.59, 1294.32
  904.77, 1243.12
  904.94, 1275.88
  905.12, 1292.27
  905.29, 1288.17
  905.46, 1239.02
  905.64, 1271.79
  905.81, 1298.41
  905.98, 1314.80
  906.16, 1298.41
  906.33, 1322.99
  906.50, 1304.56
  906.68, 1202.16
  906.85, 1288.17
  907.03, 1282.03
  907.20, 1271.79
  907.37, 1363.95
  907.55, 1245.17
  907.72, 1214.45
  907.89, 1241.07
  908.07, 1191.92
  908.24, 1224.69
  908.41, 1230.83
  908.59, 1226.73
  908.76, 1259.50
  908.93, 1347.56
  909.11, 1216.49
  909.28, 1257.45
  909.45, 1239.02
  909.63, 1570.79
  909.80, 1353.71
  909.97, 1230.83
  910.15, 1282.03
  910.32, 1216.49
  910.49, 1245.17
  910.66, 1314.80
  910.84, 1177.58
  911.01, 1380.33
  911.18, 1304.56
  911.36, 1363.95
  911.53, 1540.07
  911.70, 2500.57
  911.88, 3600.33
  912.05, 3481.55
  912.22, 2277.34
  912.40, 1920.99
  912.57, 1617.90
  912.74, 1593.32
  912.91, 1517.54
  913.09, 1425.39
  913.26, 1462.25
  913.43, 1284.08
  913.61, 1253.36
  913.78, 1314.80
  913.95, 1253.36
  914.12, 1241.07
  914.30, 1189.87
  914.47, 1236.97
  914.64, 1343.47
  914.81, 1386.47
  914.99, 1273.84
  915.16, 1312.75
  915.33, 1331.18
  915.50, 1228.78
  915.68, 1325.04
  915.85, 1370.09
  916.02, 1349.61
  916.20, 1218.54
  916.37, 1198.06
  916.54, 1271.79
  916.71, 1245.17
  916.88, 1388.52
  917.06, 1290.22
  917.23, 1282.03
  917.40, 1263.60
  917.57, 1298.41
  917.75, 1271.79
  917.92, 1228.78
  918.09, 1261.55
  918.26, 1247.21
  918.44, 1253.36
  918.61, 1210.35
  918.78, 1269.74
  918.95, 1251.31
  919.12, 1261.55
  919.30, 1204.21
  919.47, 1308.65
  919.64, 1314.80
  919.81, 1294.32
  919.99, 1224.69
  920.16, 1163.25
  920.33, 1294.32
  920.50, 1257.45
  920.67, 1257.45
  920.85, 1304.56
  921.02, 1247.21
  921.19, 1257.45
  921.36, 1253.36
  921.53, 1284.08
  921.71, 1339.37
  921.88, 1546.22
  922.05, 1800.16
  922.22, 1574.89
  922.39, 1443.82
  922.56, 1435.63
  922.74, 1398.76
  922.91, 1376.23
  923.08, 1220.59
  923.25, 1249.26
  923.42, 1230.83
  923.59, 1232.88
  923.77, 1263.60
  923.94, 1388.52
  924.11, 1212.40
  924.28, 1269.74
  924.45, 1193.97
  924.62, 1232.88
  924.80, 1292.27
  924.97, 1388.52
  925.14, 1224.69
  925.31, 1298.41
  925.48, 1345.52
  925.65, 1239.02
  925.82, 1193.97
  926.00, 1191.92
  926.17, 1314.80
  926.34, 1337.32
  926.51, 1286.12
  926.68, 1316.84
  926.85, 1290.22
  927.02, 1361.90
  927.20, 1226.73
  927.37, 1310.70
  927.54, 1241.07
  927.71, 1241.07
  927.88, 1191.92
  928.05, 1316.84
  928.22, 1228.78
  928.39, 1290.22
  928.57, 1329.13
  928.74, 1155.05
  928.91, 1273.84
  929.08, 1255.40
  929.25, 1335.28
  929.42, 1263.60
  929.59, 1267.69
  929.76, 1218.54
  929.93, 1247.21
  930.10, 1292.27
  930.28, 1271.79
  930.45, 1253.36
  930.62, 1378.28
  930.79, 1320.94
  930.96, 1265.64
  931.13, 1224.69
  931.30, 1314.80
  931.47, 1353.71
  931.64, 1232.88
  931.81, 1265.64
  931.98, 1259.50
  932.15, 1296.36
  932.32, 1282.03
  932.50, 1355.76
  932.67, 1325.04
  932.84, 1243.12
  933.01, 1282.03
  933.18, 1282.03
  933.35, 1173.49
  933.52, 1259.50
  933.69, 1288.17
  933.86, 1333.23
  934.03, 1234.93
  934.20, 1257.45
  934.37, 1243.12
  934.54, 1296.36
  934.71, 1275.88
  934.88, 1339.37
  935.05, 1261.55
  935.22, 1257.45
  935.39, 1314.80
  935.56, 1275.88
  935.73, 1239.02
  935.90, 1257.45
  936.07, 1279.98
  936.24, 1206.25
  936.42, 1222.64
  936.59, 1322.99
  936.76, 1271.79
  936.93, 1255.40
  937.10, 1224.69
  937.27, 1361.90
  937.44, 1275.88
  937.61, 1275.88
  937.78, 1189.87
  937.95, 1343.47
  938.12, 1294.32
  938.29, 1241.07
  938.46, 1269.74
  938.63, 1312.75
  938.80, 1290.22
  938.97, 1265.64
  939.14, 1271.79
  939.31, 1409.00
  939.48, 1249.26
  939.65, 1259.50
  939.82, 1386.47
  939.98, 1286.12
  940.15, 1265.64
  940.32, 1325.04
  940.49, 1245.17
  940.66, 1245.17
  940.83, 1257.45
  941.00, 1320.94
  941.17, 1239.02
  941.34, 1198.06
  941.51, 1241.07
  941.68, 1196.01
  941.85, 1236.97
  942.02, 1273.84
  942.19, 1241.07
  942.36, 1140.72
  942.53, 1308.65
  942.70, 1239.02
  942.87, 1331.18
  943.04, 1241.07
  943.21, 1259.50
  943.38, 1261.55
  943.55, 1282.03
  943.72, 1257.45
  943.88, 1298.41
  944.05, 1292.27
  944.22, 1288.17
  944.39, 1179.63
  944.56, 1230.83
  944.73, 1265.64
  944.90, 1257.45
  945.07, 1269.74
  945.24, 1269.74
  945.41, 1282.03
  945.58, 1253.36
  945.75, 1320.94
  945.92, 1312.75
  946.08, 1261.55
  946.25, 1220.59
  946.42, 1320.94
  946.59, 1290.22
  946.76, 1210.35
  946.93, 1378.28
  947.10, 1226.73
  947.27, 1296.36
  947.44, 1372.14
  947.61, 1236.97
  947.77, 1316.84
  947.94, 1241.07
  948.11, 1261.55
  948.28, 1234.93
  948.45, 1216.49
  948.62, 1296.36
  948.79, 1304.56
  948.96, 1200.11
  949.12, 1171.44
  949.29, 1275.88
  949.46, 1308.65
  949.63, 1314.80
  949.80, 1470.44
  949.97, 1351.66
  950.14, 1220.59
  950.31, 1251.31
  950.47, 1439.72
  950.64, 1279.98
  950.81, 1288.17
  950.98, 1234.93
  951.15, 1284.08
  951.32, 1263.60
  951.48, 1318.89
  951.65, 1257.45
  951.82, 1292.27
  951.99, 1316.84
  952.16, 1210.35
  952.33, 1423.34
  952.49, 1282.03
  952.66, 1232.88
  952.83, 1329.13
  953.00, 1306.60
  953.17, 1196.01
  953.34, 1228.78
  953.50, 1204.21
  953.67, 1251.31
  953.84, 1292.27
  954.01, 1341.42
  954.18, 1308.65
  954.35, 1253.36
  954.51, 1263.60
  954.68, 1216.49
  954.85, 1198.06
  955.02, 1232.88
  955.19, 1304.56
  955.35, 1230.83
  955.52, 1251.31
  955.69, 1210.35
  955.86, 1257.45
  956.03, 1185.77
  956.19, 1273.84
  956.36, 1259.50
  956.53, 1171.44
  956.70, 1306.60
  956.86, 1212.40
  957.03, 1271.79
  957.20, 1310.70
  957.37, 1322.99
  957.54, 1247.21
  957.70, 1245.17
  957.87, 1273.84
  958.04, 1251.31
  958.21, 1271.79
  958.37, 1394.67
  958.54, 1327.08
  958.71, 1308.65
  958.88, 1310.70
  959.04, 1345.52
  959.21, 1249.26
  959.38, 1275.88
  959.55, 1331.18
  959.71, 1263.60
  959.88, 1396.71
  960.05, 1167.34
  960.22, 1290.22
  960.38, 1177.58
  960.55, 1372.14
  960.72, 1267.69
  960.89, 1216.49
  961.05, 1271.79
  961.22, 1284.08
  961.39, 1200.11
  961.56, 1279.98
  961.72, 1224.69
  961.89, 1148.91
  962.06, 1312.75
  962.22, 1214.45
  962.39, 1257.45
  962.56, 1386.47
  962.73, 1308.65
  962.89, 1259.50
  963.06, 1249.26
  963.23, 1263.60
  963.39, 1288.17
  963.56, 1263.60
  963.73, 1374.19
  963.89, 1294.32
  964.06, 1341.42
  964.23, 1345.52
  964.40, 1318.89
  964.56, 1179.63
  964.73, 1269.74
  964.90, 1363.95
  965.06, 1322.99
  965.23, 1341.42
  965.40, 1458.15
  965.56, 1394.67
  965.73, 1363.95
  965.90, 1284.08
  966.06, 1249.26
  966.23, 1400.81
  966.40, 1308.65
  966.56, 1234.93
  966.73, 1232.88
  966.90, 1206.25
  967.06, 1263.60
  967.23, 1267.69
  967.40, 1282.03
  967.56, 1296.36
  967.73, 1468.39
  967.90, 1253.36
  968.06, 1308.65
  968.23, 1257.45
  968.40, 1267.69
  968.56, 1286.12
  968.73, 1216.49
  968.89, 1255.40
  969.06, 1206.25
  969.23, 1269.74
  969.39, 1187.82
  969.56, 1372.14
  969.73, 1220.59
  969.89, 1341.42
  970.06, 1327.08
  970.22, 1179.63
  970.39, 1230.83
  970.56, 1290.22
  970.72, 1271.79
  970.89, 1421.29
  971.06, 1316.84
  971.22, 1322.99
  971.39, 1263.60
  971.55, 1163.25
  971.72, 1193.97
  971.89, 1279.98
  972.05, 1300.46
  972.22, 1282.03
  972.38, 1222.64
  972.55, 1216.49
  972.72, 1187.82
  972.88, 1388.52
  973.05, 1265.64
  973.21, 1239.02
  973.38, 1236.97
  973.54, 1368.04
  973.71, 1236.97
  973.88, 1185.77
  974.04, 1259.50
  974.21, 1275.88
  974.37, 1331.18
  974.54, 1251.31
  974.70, 1187.82
  974.87, 1316.84
  975.04, 1220.59
  975.20, 1388.52
  975.37, 1298.41
  975.53, 1286.12
  975.70, 1247.21
  975.86, 1265.64
  976.03, 1230.83
  976.19, 1234.93
  976.36, 1261.55
  976.53, 1208.30
  976.69, 1314.80
  976.86, 1236.97
  977.02, 1294.32
  977.19, 1333.23
  977.35, 1300.46
  977.52, 1206.25
  977.68, 1239.02
  977.85, 1275.88
  978.01, 1183.73
  978.18, 1245.17
  978.34, 1214.45
  978.51, 1193.97
  978.67, 1257.45
  978.84, 1329.13
  979.00, 1200.11
  979.17, 1263.60
  979.33, 1316.84
  979.50, 1275.88
  979.67, 1267.69
  979.83, 1257.45
  980.00, 1300.46
  980.16, 1251.31
  980.33, 1218.54
  980.49, 1320.94
  980.65, 1273.84
  980.82, 1265.64
  980.98, 1232.88
  981.15, 1296.36
  981.31, 1294.32
  981.48, 1376.23
  981.64, 1175.53
  981.81, 1198.06
  981.97, 1234.93
  982.14, 1306.60
  982.30, 1263.60
  982.47, 1261.55
  982.63, 1296.36
  982.80, 1286.12
  982.96, 1275.88
  983.13, 1234.93
  983.29, 1247.21
  983.46, 1239.02
  983.62, 1320.94
  983.78, 1200.11
  983.95, 1277.93
  984.11, 1232.88
  984.28, 1241.07
  984.44, 1259.50
  984.61, 1298.41
  984.77, 1257.45
  984.94, 1210.35
  985.10, 1253.36
  985.26, 1304.56
  985.43, 1251.31
  985.59, 1230.83
  985.76, 1249.26
  985.92, 1241.07
  986.09, 1288.17
  986.25, 1251.31
  986.41, 1236.97
  986.58, 1159.15
  986.74, 1322.99
  986.91, 1255.40
  987.07, 1243.12
  987.24, 1224.69
  987.40, 1300.46
  987.56, 1347.56
  987.73, 1292.27
  987.89, 1247.21
  988.06, 1220.59
  988.22, 1261.55
  988.38, 1202.16
  988.55, 1171.44
  988.71, 1212.40
  988.88, 1296.36
  989.04, 1202.16
  989.20, 1259.50
  989.37, 1245.17
  989.53, 1234.93
  989.69, 1241.07
  989.86, 1306.60
  990.02, 1347.56
  990.19, 1183.73
  990.35, 1241.07
  990.51, 1267.69
  990.68, 1208.30
  990.84, 1331.18
  991.00, 1243.12
  991.17, 1224.69
  991.33, 1312.75
  991.50, 1251.31
  991.66, 1333.23
  991.82, 1200.11
  991.99, 1208.30
  992.15, 1226.73
  992.31, 1204.21
  992.48, 1253.36
  992.64, 1243.12
  992.80, 1247.21
  992.97, 1177.58
  993.13, 1222.64
  993.29, 1187.82
  993.46, 1392.62
  993.62, 1267.69
  993.78, 1232.88
  993.95, 1259.50
  994.11, 1255.40
  994.27, 1230.83
  994.44, 1230.83
  994.60, 1261.55
  994.76, 1290.22
  994.93, 1228.78
  995.09, 1300.46
  995.25, 1257.45
  995.42, 1284.08
  995.58, 1218.54
  995.74, 1226.73
  995.90, 1234.93
  996.07, 1298.41
  996.23, 1204.21
  996.39, 1239.02
  996.56, 1234.93
  996.72, 1320.94
  996.88, 1230.83
  997.05, 1273.84
  997.21, 1179.63
  997.37, 1282.03
  997.53, 1269.74
  997.70, 1245.17
  997.86, 1247.21
  998.02, 1275.88
  998.18, 1236.97
  998.35, 1239.02
  998.51, 1296.36
  998.67, 1300.46
  998.84, 1284.08
  999.00, 1232.88
  999.16, 1370.09
  999.32, 1236.97
  999.49, 1255.40
  999.65, 1306.60
  999.81, 1325.04
  999.97, 1271.79
 1000.14, 1245.17
 1000.30, 1316.84
 1000.46, 1222.64
 1000.62, 1312.75
 1000.79, 1200.11
 1000.95, 1267.69
 1001.11, 1259.50
 1001.27, 1249.26
 1001.44, 1271.79
 1001.60, 1228.78
 1001.76, 1265.64
 1001.92, 1300.46
 1002.08, 1302.51
 1002.25, 1241.07
 1002.41, 1288.17
 1002.57, 1343.47
 1002.73, 1314.80
 1002.90, 1279.98
 1003.06, 1228.78
 1003.22, 1265.64
 1003.38, 1327.08
 1003.54, 1230.83
 1003.71, 1320.94
 1003.87, 1363.95
 1004.03, 1236.97
 1004.19, 1241.07
 1004.35, 1249.26
 1004.52, 1226.73
 1004.68, 1273.84
 1004.84, 1271.79
 1005.00, 1214.45
 1005.16, 1189.87
 1005.33, 1304.56
 1005.49, 1247.21
 1005.65, 1308.65
 1005.81, 1320.94
 1005.97, 1214.45
 1006.13, 1210.35
 1006.30, 1214.45
 1006.46, 1128.43
 1006.62, 1269.74
 1006.78, 1265.64
 1006.94, 1292.27
 1007.10, 1286.12
 1007.27, 1253.36
 1007.43, 1269.74
 1007.59, 1312.75
 1007.75, 1265.64
 1007.91, 1234.93
 1008.07, 1320.94
 1008.23, 1273.84
 1008.40, 1198.06
 1008.56, 1273.84
 1008.72, 1292.27
 1008.88, 1202.16
 1009.04, 1263.60
 1009.20, 1290.22
 1009.36, 1265.64
 1009.53, 1245.17
 1009.69, 1239.02
 1009.85, 1196.01
 1010.01, 1249.26
 1010.17, 1243.12
 1010.33, 1271.79
 1010.49, 1308.65
 1010.65, 1247.21
 1010.82, 1243.12
 1010.98, 1288.17
 1011.14, 1198.06
 1011.30, 1200.11
 1011.46, 1247.21
 1011.62, 1273.84
 1011.78, 1234.93
 1011.94, 1253.36
 1012.10, 1279.98
 1012.26, 1259.50
 1012.43, 1275.88
 1012.59, 1294.32
 1012.75, 1341.42
 1012.91, 1294.32
 1013.07, 1269.74
 1013.23, 1290.22
 1013.39, 1333.23
 1013.55, 1269.74
 1013.71, 1288.17
 1013.87, 1220.59
 1014.03, 1288.17
 1014.19, 1361.90
 1014.36, 1402.86
 1014.52, 1269.74
 1014.68, 1474.54
 1014.84, 1462.25
 1015.00, 1484.78
 1015.16, 1527.78
 1015.32, 1433.58
 1015.48, 1421.29
 1015.64, 1279.98
 1015.80, 1173.49
 1015.96, 1275.88
 1016.12, 1308.65
 1016.28, 1236.97
 1016.44, 1273.84
 1016.60, 1236.97
 1016.76, 1214.45
 1016.92, 1292.27
 1017.08, 1204.21
 1017.24, 1279.98
 1017.40, 1335.28
 1017.56, 1351.66
 1017.72, 1200.11
 1017.88, 1286.12
 1018.04, 1265.64
 1018.21, 1239.02
 1018.37, 1208.30
 1018.53, 1294.32
 1018.69, 1347.56
 1018.85, 1263.60
 1019.01, 1298.41
 1019.17, 1331.18
 1019.33, 1341.42
 1019.49, 1204.21
 1019.65, 1239.02
 1019.81, 1294.32
 1019.97, 1290.22
 1020.13, 1200.11
 1020.29, 1191.92
 1020.45, 1327.08
 1020.61, 1255.40
 1020.77, 1359.85
 1020.92, 1243.12
 1021.08, 1273.84
 1021.24, 1302.51
 1021.40, 1292.27
 1021.56, 1216.49
 1021.72, 1230.83
 1021.88, 1288.17
 1022.04, 1257.45
 1022.20, 1386.47
 1022.36, 1269.74
 1022.52, 1183.73
 1022.68, 1296.36
 1022.84, 1269.74
 1023.00, 1275.88
 1023.16, 1267.69
 1023.32, 1292.27
 1023.48, 1206.25
 1023.64, 1220.59
 1023.80, 1198.06
 1023.96, 1179.63
 1024.12, 1214.45
 1024.28, 1255.40
 1024.44, 1251.31
 1024.60, 1396.71
 1024.75, 1251.31
 1024.91, 1300.46
 1025.07, 1269.74
 1025.23, 1232.88
 1025.39, 1304.56
 1025.55, 1241.07
 1025.71, 1329.13
 1025.87, 1288.17
 1026.03, 1247.21
 1026.19, 1161.20
 1026.35, 1304.56
 1026.51, 1243.12
 1026.66, 1310.70
 1026.82, 1273.84
 1026.98, 1271.79
 1027.14, 1228.78
 1027.30, 1290.22
 1027.46, 1228.78
 1027.62, 1245.17
 1027.78, 1306.60
 1027.94, 1282.03
 1028.10, 1253.36
 1028.25, 1286.12
 1028.41, 1202.16
 1028.57, 1368.04
 1028.73, 1187.82
 1028.89, 1230.83
 1029.05, 1267.69
 1029.21, 1142.77
 1029.37, 1347.56
 1029.52, 1363.95
 1029.68, 1206.25
 1029.84, 1302.51
 1030.00, 1198.06
 1030.16, 1302.51
 1030.32, 1265.64
 1030.48, 1232.88
 1030.63, 1241.07
 1030.79, 1171.44
 1030.95, 1255.40
 1031.11, 1306.60
 1031.27, 1185.77
 1031.43, 1292.27
 1031.59, 1310.70
 1031.74, 1366.00
 1031.90, 1284.08
 1032.06, 1204.21
 1032.22, 1255.40
 1032.38, 1298.41
 1032.54, 1193.97
 1032.69, 1234.93
 1032.85, 1316.84
 1033.01, 1228.78
 1033.17, 1277.93
 1033.33, 1232.88
 1033.48, 1239.02
 1033.64, 1318.89
 1033.80, 1249.26
 1033.96, 1275.88
 1034.12, 1245.17
 1034.28, 1259.50
 1034.43, 1169.39
 1034.59, 1271.79
 1034.75, 1290.22
 1034.91, 1331.18
 1035.07, 1193.97
 1035.22, 1304.56
 1035.38, 1286.12
 1035.54, 1265.64
 1035.70, 1216.49
 1035.85, 1267.69
 1036.01, 1286.12
 1036.17, 1320.94
 1036.33, 1234.93
 1036.49, 1312.75
 1036.64, 1374.19
 1036.80, 1202.16
 1036.96, 1220.59
 1037.12, 1292.27
 1037.27, 1222.64
 1037.43, 1271.79
 1037.59, 1271.79
 1037.75, 1320.94
 1037.90, 1216.49
 1038.06, 1251.31
 1038.22, 1286.12
 1038.38, 1351.66
 1038.53, 1230.83
 1038.69, 1304.56
 1038.85, 1327.08
 1039.01, 1202.16
 1039.16, 1296.36
 1039.32, 1245.17
 1039.48, 1353.71
 1039.64, 1263.60
 1039.79, 1366.00
 1039.95, 1241.07
 1040.11, 1335.28
 1040.27, 1335.28
 1040.42, 1228.78
 1040.58, 1230.83
 1040.74, 1214.45
